 {
  "code": 0,
  "data": [
    {
      "key": 1,
      "area":"中国",
      "java":8000,
      "php":2000,
      "node":3000,
      "js":5000,
      "python":1000
    },
    {
      "key": 2,
      "area":"美国",
      "java":6000,
      "php":2000,
      "node":2500,
      "js":4500,
      "python":800
    },
    {
      "key": 3,
      "area":"印度",
      "java":7500,
      "php":1400,
      "node":2600,
      "js":3000,
      "python":200
    },
    {
      "key": 4,
      "area":"欧洲",
      "java":6500,
      "php":1400,
      "node":2000,
      "js":4000,
      "python":2000
    },{
      "key": 5,
      "area":"日本",
      "java":7000,
      "php":1000,
      "node":2000,
      "js":4000,
      "python":500
    }
  ],
  "msg": "success"
}